City_ID,City,Lat,Lng,Max Temp,Humidity,Cloudiness,Wind Speed,Description,Country,Date
0,Hermanus,-34.42,19.23,60.55,70,0,5.75,clear sky,ZA,2020-08-02 20:19:04
1,Atuona,-9.8,-139.03,78.62,76,0,16.93,clear sky,PF,2020-08-02 20:19:04
2,Ushuaia,-54.8,-68.3,41.0,75,20,19.46,few clouds,AR,2020-08-02 20:19:04
3,Kantunilkin,21.09,-87.45,89.6,66,40,8.05,scattered clouds,MX,2020-08-02 20:19:05
4,Upernavik,72.79,-56.15,44.11,69,99,7.47,overcast clouds,GL,2020-08-02 20:19:05
5,Norman Wells,65.28,-126.83,69.8,73,40,8.05,scattered clouds,CA,2020-08-02 20:19:05
6,Green Valley,31.85,-110.99,100.99,19,1,10.29,clear sky,US,2020-08-02 20:19:05
7,Lagoa,39.05,-27.98,71.71,80,0,16.15,clear sky,PT,2020-08-02 20:19:05
8,Albany,42.6,-73.97,86.0,63,75,12.08,light rain,US,2020-08-02 20:19:05
9,Victoria,22.29,114.16,78.01,94,100,8.01,light rain,HK,2020-08-02 20:14:21
10,Praia Da Vitoria,38.73,-27.07,77.0,65,40,10.76,scattered clouds,PT,2020-08-02 20:19:05
11,Punta Arenas,-53.15,-70.92,42.8,70,12,14.99,few clouds,CL,2020-08-02 20:19:05
12,Vaini,-21.2,-175.2,73.4,88,75,9.17,broken clouds,TO,2020-08-02 20:19:05
13,Montepuez,-13.13,39.0,65.21,82,8,6.53,clear sky,MZ,2020-08-02 20:19:05
14,Popova,42.96,131.72,71.6,100,40,2.24,scattered clouds,RU,2020-08-02 20:19:06
15,Tuktoyaktuk,69.45,-133.04,48.2,87,90,18.34,light rain,CA,2020-08-02 20:19:06
16,Qaanaaq,77.48,-69.36,38.59,86,100,11.34,light rain,GL,2020-08-02 20:19:06
17,Namatanai,-3.67,152.43,79.07,84,25,7.36,light rain,PG,2020-08-02 20:19:06
18,Narsaq,60.92,-46.05,53.6,71,95,3.36,overcast clouds,GL,2020-08-02 20:19:06
19,Flinders,-34.58,150.86,46.0,85,52,1.01,broken clouds,AU,2020-08-02 20:19:06
20,Rikitea,-23.12,-134.97,72.75,78,54,10.42,broken clouds,PF,2020-08-02 20:19:06
21,Seoul,37.57,126.98,78.8,94,90,11.77,thunderstorm,KR,2020-08-02 20:15:21
22,Butaritari,3.07,172.79,82.56,73,0,14.94,clear sky,KI,2020-08-02 20:19:06
23,Ilulissat,69.22,-51.1,48.2,66,20,8.05,few clouds,GL,2020-08-02 20:19:06
24,Alice Town,25.72,-79.3,84.45,79,100,24.54,light rain,BS,2020-08-02 20:19:07
25,Esperance,-33.87,121.9,48.2,87,48,11.41,scattered clouds,AU,2020-08-02 20:19:07
26,Marsh Harbour,26.54,-77.06,83.3,79,100,27.76,overcast clouds,BS,2020-08-02 20:19:07
27,Torbay,47.67,-52.73,64.0,82,75,13.87,broken clouds,CA,2020-08-02 20:19:07
28,Nagua,19.38,-69.85,87.8,74,40,4.7,scattered clouds,DO,2020-08-02 20:15:04
29,Khatanga,71.97,102.5,58.77,80,11,4.92,few clouds,RU,2020-08-02 20:19:07
30,Busselton,-33.65,115.33,44.01,98,31,6.69,scattered clouds,AU,2020-08-02 20:19:07
31,Hithadhoo,-0.6,73.08,83.03,77,28,9.93,scattered clouds,MV,2020-08-02 20:19:07
32,Kuna,43.49,-116.42,93.99,25,1,4.7,clear sky,US,2020-08-02 20:19:07
33,Krasnoselkup,65.7,82.47,56.53,85,36,6.38,scattered clouds,RU,2020-08-02 20:19:07
34,Ribeira Grande,38.52,-28.7,75.2,69,20,5.82,few clouds,PT,2020-08-02 20:19:08
35,Yecla,38.61,-1.11,82.0,62,4,3.0,clear sky,ES,2020-08-02 20:19:08
36,Kapaa,22.08,-159.32,82.4,69,40,13.87,scattered clouds,US,2020-08-02 20:19:08
37,Mar Del Plata,-38.0,-57.56,57.2,62,95,6.93,overcast clouds,AR,2020-08-02 20:18:41
38,Flin Flon,54.77,-101.86,75.2,38,40,8.05,scattered clouds,CA,2020-08-02 20:19:08
39,Castro,-24.79,-50.01,63.86,60,0,4.09,clear sky,BR,2020-08-02 20:19:08
40,Ahipara,-35.17,173.17,54.99,84,60,9.78,broken clouds,NZ,2020-08-02 20:19:08
41,East London,-33.02,27.91,74.88,20,0,8.93,clear sky,ZA,2020-08-02 20:15:35
42,Kodiak,57.79,-152.41,60.8,72,75,8.05,broken clouds,US,2020-08-02 20:19:08
43,Georgetown,5.41,100.34,84.0,78,20,5.82,few clouds,MY,2020-08-02 20:15:32
44,Lompoc,34.64,-120.46,78.01,68,0,10.29,clear sky,US,2020-08-02 20:19:07
45,Antofagasta,-23.65,-70.4,59.0,72,75,13.87,broken clouds,CL,2020-08-02 20:19:09
46,Severo-Kurilsk,50.68,156.12,51.8,86,100,11.34,overcast clouds,RU,2020-08-02 20:19:09
47,North Bend,43.41,-124.22,82.0,72,1,10.29,clear sky,US,2020-08-02 20:19:09
48,Pangnirtung,66.15,-65.71,51.8,87,40,12.75,scattered clouds,CA,2020-08-02 20:19:09
49,Barrow,71.29,-156.79,41.0,75,90,10.29,overcast clouds,US,2020-08-02 20:19:09
50,Tombouctou,20.0,-3.0,104.79,18,0,6.53,clear sky,ML,2020-08-02 20:19:09
51,Kumla,59.13,15.14,63.0,77,96,10.29,overcast clouds,SE,2020-08-02 20:19:09
52,Boyolangu,-8.12,111.89,71.08,87,100,1.99,overcast clouds,ID,2020-08-02 20:19:09
53,San Patricio,19.22,-104.7,91.4,70,5,11.41,clear sky,MX,2020-08-02 20:19:09
54,Ostersund,63.18,14.64,62.6,77,92,8.05,overcast clouds,SE,2020-08-02 20:15:10
55,Denpasar,-8.65,115.22,75.2,100,20,1.12,few clouds,ID,2020-08-02 20:15:56
56,Uyovu,-3.28,31.53,66.85,31,0,5.12,clear sky,TZ,2020-08-02 20:19:10
57,Belyy Yar,53.6,91.39,57.2,93,94,4.47,overcast clouds,RU,2020-08-02 20:19:10
58,Parati,-23.22,-44.71,77.0,31,20,2.24,few clouds,BR,2020-08-02 20:19:10
59,Saskylakh,71.92,114.08,61.79,69,36,5.37,light rain,RU,2020-08-02 20:19:10
60,Dikson,73.51,80.55,52.99,81,70,11.36,broken clouds,RU,2020-08-02 20:19:10
61,Port Alfred,-33.59,26.89,72.9,22,0,10.6,clear sky,ZA,2020-08-02 20:19:10
62,New Norfolk,-42.78,147.06,44.01,87,84,4.61,light rain,AU,2020-08-02 20:19:10
63,Bengkulu,-3.8,102.27,75.18,91,32,3.15,light rain,ID,2020-08-02 20:19:10
64,Alekseyevsk,57.84,108.35,55.89,77,0,6.44,clear sky,RU,2020-08-02 20:19:10
65,Rio Grande,-32.03,-52.1,71.6,73,100,6.93,overcast clouds,BR,2020-08-02 20:19:11
66,Hobart,-42.88,147.33,46.99,75,20,8.05,few clouds,AU,2020-08-02 20:17:40
67,Safakulevo,54.99,62.54,74.75,44,96,15.55,overcast clouds,RU,2020-08-02 20:19:11
68,Yellowknife,62.46,-114.35,77.0,60,75,18.34,broken clouds,CA,2020-08-02 20:18:04
69,Grand Gaube,-20.01,57.66,66.99,77,40,3.0,scattered clouds,MU,2020-08-02 20:19:11
70,Vila,42.03,-8.16,72.0,60,100,5.01,overcast clouds,PT,2020-08-02 20:19:11
71,Mataura,-46.19,168.86,44.58,95,38,2.08,scattered clouds,NZ,2020-08-02 20:19:11
72,Boa Vista,2.82,-60.67,86.0,58,40,8.05,scattered clouds,BR,2020-08-02 20:14:14
73,Zapolyarnyy,69.42,30.81,51.8,76,75,13.87,broken clouds,RU,2020-08-02 20:19:11
74,Amasia,40.65,35.83,62.6,72,20,12.75,few clouds,TR,2020-08-02 20:19:12
75,Avarua,-21.21,-159.78,71.6,68,0,2.24,clear sky,CK,2020-08-02 20:19:12
76,Lebu,-37.62,-73.65,55.4,85,38,8.32,scattered clouds,CL,2020-08-02 20:19:12
77,Lorengau,-2.02,147.27,82.08,79,93,10.78,light rain,PG,2020-08-02 20:19:12
78,Hilo,19.73,-155.09,82.4,58,75,5.82,broken clouds,US,2020-08-02 20:19:12
79,Dasoguz,41.84,59.97,80.6,44,0,4.7,clear sky,TM,2020-08-02 20:19:12
80,Korla,41.76,86.15,79.0,63,91,4.0,overcast clouds,CN,2020-08-02 20:19:12
81,Hargeysa,9.56,44.06,73.62,49,100,24.94,overcast clouds,SO,2020-08-02 20:19:12
82,Touros,-5.2,-35.46,78.8,74,40,12.75,scattered clouds,BR,2020-08-02 20:19:12
83,Chuy,-33.7,-53.46,64.0,85,100,4.97,overcast clouds,UY,2020-08-02 20:19:12
84,Ostrovnoy,68.05,39.51,50.25,87,100,10.78,overcast clouds,RU,2020-08-02 20:19:12
85,Iquique,-20.22,-70.14,62.6,63,20,14.99,few clouds,CL,2020-08-02 20:19:12
86,Gualmatan,0.92,-77.57,60.8,51,20,17.22,few clouds,CO,2020-08-02 20:19:13
87,Thanh Hoa,19.8,105.77,76.1,95,100,3.33,overcast clouds,VN,2020-08-02 20:19:13
88,Fortuna,40.6,-124.16,68.0,86,10,5.01,clear sky,US,2020-08-02 20:19:13
89,Portland,45.52,-122.68,82.99,47,75,5.82,broken clouds,US,2020-08-02 20:15:13
90,Umm Kaddadah,13.6,26.69,77.85,68,4,15.66,clear sky,SD,2020-08-02 20:19:13
91,Hokitika,-42.72,170.97,50.76,90,100,3.87,light rain,NZ,2020-08-02 20:19:13
92,Sangar,63.92,127.47,52.43,71,0,3.42,clear sky,RU,2020-08-02 20:19:13
93,Horadiz,39.45,47.34,75.2,83,40,6.93,scattered clouds,AZ,2020-08-02 20:19:13
94,Whyalla,-33.03,137.58,48.2,93,40,5.82,scattered clouds,AU,2020-08-02 20:19:13
95,Belaya Gora,68.53,146.42,55.89,60,99,7.65,overcast clouds,RU,2020-08-02 20:19:13
96,Mount Gambier,-37.83,140.77,44.6,81,90,9.17,overcast clouds,AU,2020-08-02 20:19:13
97,Forbes,-33.38,148.02,42.01,83,100,2.95,overcast clouds,AU,2020-08-02 20:19:13
98,Bredasdorp,-34.53,20.04,48.2,93,0,4.7,clear sky,ZA,2020-08-02 20:19:13
99,Cape Town,-33.93,18.42,57.99,93,0,10.29,clear sky,ZA,2020-08-02 20:19:13
100,Dabhoi,22.18,73.43,83.12,80,96,9.53,overcast clouds,IN,2020-08-02 20:19:14
101,Nome,64.5,-165.41,61.0,71,1,8.05,clear sky,US,2020-08-02 20:19:14
102,Talnakh,69.49,88.4,55.4,76,98,11.18,overcast clouds,RU,2020-08-02 20:19:14
103,Nikolskoye,59.7,30.79,59.0,87,75,2.24,light intensity shower rain,RU,2020-08-02 20:19:14
104,Magistralnyy,56.17,107.45,60.6,66,3,9.82,clear sky,RU,2020-08-02 20:19:14
105,Hobyo,5.35,48.53,79.14,72,80,25.5,broken clouds,SO,2020-08-02 20:19:14
106,Muscat,23.61,58.59,91.4,70,83,3.36,broken clouds,OM,2020-08-02 20:19:14
107,Bambous Virieux,-20.34,57.76,69.8,73,75,13.87,broken clouds,MU,2020-08-02 20:19:14
108,Saint-Georges,12.06,-61.75,86.0,74,20,17.22,few clouds,GD,2020-08-02 20:15:59
109,Juneau,58.3,-134.42,62.6,82,75,12.75,broken clouds,US,2020-08-02 20:19:14
110,Sao Filipe,14.9,-24.5,78.67,87,87,6.53,overcast clouds,CV,2020-08-02 20:19:15
111,Savannah Bight,16.45,-85.85,84.18,74,75,6.15,broken clouds,HN,2020-08-02 20:19:15
112,Clyde River,70.47,-68.59,50.0,81,40,6.93,scattered clouds,CA,2020-08-02 20:19:15
113,Mahebourg,-20.41,57.7,69.8,73,75,13.87,broken clouds,MU,2020-08-02 20:19:15
114,Vestmanna,62.16,-7.17,50.0,100,100,13.87,drizzle,FO,2020-08-02 20:19:15
115,Dhidhdhoo,6.88,73.1,82.51,78,100,18.68,moderate rain,MV,2020-08-02 20:15:35
116,Guiren,33.67,118.19,80.29,91,98,7.25,overcast clouds,CN,2020-08-02 20:19:15
117,Ponta Do Sol,32.67,-17.1,70.0,72,4,5.26,clear sky,PT,2020-08-02 20:19:15
118,Praia,14.92,-23.51,84.2,74,20,9.17,few clouds,CV,2020-08-02 20:15:05
119,Zaraza,9.35,-65.32,82.8,85,99,5.41,light rain,VE,2020-08-02 20:19:15
120,Bethel,41.37,-73.41,84.0,83,75,9.17,broken clouds,US,2020-08-02 20:19:15
121,Chardara,41.25,67.97,78.31,33,0,8.68,clear sky,KZ,2020-08-02 20:19:16
122,Monroe,43.15,-77.68,87.01,51,75,25.28,broken clouds,US,2020-08-02 20:19:16
123,Pemangkat,1.17,108.97,77.85,92,100,6.35,overcast clouds,ID,2020-08-02 20:19:16
124,Gladstone,-23.85,151.25,60.8,72,90,4.7,overcast clouds,AU,2020-08-02 20:17:45
125,Jamestown,42.1,-79.24,73.99,94,90,11.41,light rain,US,2020-08-02 20:19:16
126,Leshukonskoye,64.9,45.76,50.31,95,100,8.61,overcast clouds,RU,2020-08-02 20:19:16
127,Naze,28.37,129.48,75.2,94,87,2.24,mist,JP,2020-08-02 20:19:16
128,Tartagal,-22.52,-63.8,91.47,24,0,7.18,clear sky,AR,2020-08-02 20:19:16
129,Alofi,-19.06,-169.92,62.6,100,84,3.36,broken clouds,NU,2020-08-02 20:19:16
130,Karratha,-20.74,116.85,68.04,75,75,7.74,broken clouds,AU,2020-08-02 20:17:26
131,Tshane,-24.02,21.87,56.75,36,0,6.96,clear sky,BW,2020-08-02 20:19:16
132,Thompson,55.74,-97.86,75.2,38,20,5.82,few clouds,CA,2020-08-02 20:15:34
133,Fort Nelson,58.81,-122.7,75.2,50,75,2.24,broken clouds,CA,2020-08-02 20:19:17
134,Camargo,27.67,-105.17,90.59,22,26,10.13,scattered clouds,MX,2020-08-02 20:19:17
135,Port Elizabeth,-33.92,25.57,68.0,49,0,12.75,clear sky,ZA,2020-08-02 20:19:17
136,Puerto Ayora,-0.74,-90.35,77.0,69,75,13.87,broken clouds,EC,2020-08-02 20:19:17
137,Saint Anthony,45.02,-93.22,72.0,49,75,12.75,broken clouds,US,2020-08-02 20:19:17
138,Harper,4.38,-7.72,73.89,74,100,5.46,overcast clouds,LR,2020-08-02 20:19:17
139,Shakawe,-18.37,21.85,57.49,35,0,5.08,clear sky,BW,2020-08-02 20:19:17
140,Atar,20.52,-13.05,105.01,9,0,10.31,clear sky,MR,2020-08-02 20:19:17
141,Umea,63.83,20.26,57.2,93,75,3.36,broken clouds,SE,2020-08-02 20:19:17
142,Beckley,37.78,-81.19,80.6,51,20,13.87,few clouds,US,2020-08-02 20:19:17
143,Leningradskiy,69.38,178.42,38.61,88,100,9.4,overcast clouds,RU,2020-08-02 20:19:17
144,Luanda,-8.84,13.23,71.6,83,5,5.82,clear sky,AO,2020-08-02 20:16:43
145,Eyrarbakki,63.86,-21.15,54.0,81,75,14.99,broken clouds,IS,2020-08-02 20:19:18
146,Pittsburg,38.03,-121.88,91.0,35,1,11.41,clear sky,US,2020-08-02 20:16:25
147,Estelle,29.85,-90.11,86.0,88,75,9.17,light rain,US,2020-08-02 20:19:18
148,Iqaluit,63.75,-68.51,51.8,81,75,4.7,broken clouds,CA,2020-08-02 20:19:18
149,Nador,35.17,-2.93,96.8,15,0,14.99,light rain,MA,2020-08-02 20:14:58
150,Huntsville,34.73,-86.59,87.01,54,40,2.26,scattered clouds,US,2020-08-02 20:17:57
151,Bowen,-20.02,148.23,64.99,93,90,5.82,overcast clouds,AU,2020-08-02 20:19:18
152,Berea,41.37,-81.85,70.0,94,90,16.11,light rain,US,2020-08-02 20:16:43
153,Chokurdakh,70.63,147.92,49.12,65,100,2.93,overcast clouds,RU,2020-08-02 20:19:18
154,Gwadar,25.12,62.33,83.61,84,5,8.23,clear sky,PK,2020-08-02 20:19:18
155,Frontera Comalapa,15.65,-92.13,86.32,56,5,3.4,light rain,MX,2020-08-02 20:19:18
156,Lins,-21.68,-49.74,78.8,44,0,4.7,clear sky,BR,2020-08-02 20:19:19
157,Sibenik,43.73,15.91,81.0,61,26,3.36,scattered clouds,HR,2020-08-02 20:19:19
158,Arraial Do Cabo,-22.97,-42.03,73.4,56,2,9.17,clear sky,BR,2020-08-02 20:16:47
159,Caravelas,-17.71,-39.25,72.01,71,20,11.52,few clouds,BR,2020-08-02 20:19:19
160,Port Hedland,-20.32,118.57,57.2,100,90,4.7,overcast clouds,AU,2020-08-02 20:19:19
161,Longyearbyen,78.22,15.64,50.0,81,20,2.24,few clouds,SJ,2020-08-02 20:19:16
162,Dauriya,49.93,116.87,58.32,83,30,8.48,scattered clouds,RU,2020-08-02 20:19:19
163,Teguldet,57.31,88.17,55.83,78,0,0.13,clear sky,RU,2020-08-02 20:19:19
164,Smithers,54.78,-127.17,68.0,56,90,5.82,overcast clouds,CA,2020-08-02 20:15:34
165,Eufaula,31.89,-85.15,96.01,48,4,1.54,clear sky,US,2020-08-02 20:19:19
166,Saint-Philippe,-21.36,55.77,68.0,60,90,9.17,overcast clouds,RE,2020-08-02 20:19:19
167,Provideniya,64.38,-173.3,48.2,66,40,8.95,scattered clouds,RU,2020-08-02 20:19:20
168,Severomuysk,56.15,113.43,49.05,93,55,3.53,broken clouds,RU,2020-08-02 20:19:20
169,Tasiilaq,65.61,-37.64,50.0,61,5,19.46,clear sky,GL,2020-08-02 20:19:20
170,Athabasca,54.72,-113.29,76.8,70,0,9.42,clear sky,CA,2020-08-02 20:19:20
171,Keningau,5.34,116.16,77.0,83,20,6.93,few clouds,MY,2020-08-02 20:19:20
172,Mantua,45.17,10.78,78.01,79,65,5.01,light rain,IT,2020-08-02 20:19:20
173,Bunia,1.57,30.25,66.85,86,86,1.32,light rain,CD,2020-08-02 20:19:20
174,Berlevag,70.86,29.09,48.2,100,75,14.99,light intensity drizzle,NO,2020-08-02 20:19:20
175,Broome,42.25,-75.83,89.01,45,20,19.46,few clouds,US,2020-08-02 20:19:20
176,Darhan,49.49,105.92,58.19,87,100,3.56,overcast clouds,MN,2020-08-02 20:19:21
177,Tazovskiy,67.47,78.7,53.2,89,72,6.62,broken clouds,RU,2020-08-02 20:19:21
178,Klaksvik,62.23,-6.59,50.0,100,98,13.87,drizzle,FO,2020-08-02 20:19:21
179,Winburg,-28.52,27.01,45.55,58,0,2.51,clear sky,ZA,2020-08-02 20:19:21
180,Anadyr,64.75,177.48,51.8,71,75,2.24,shower rain,RU,2020-08-02 20:19:21
181,Filingue,14.35,3.32,84.85,59,73,13.42,light rain,NE,2020-08-02 20:19:21
182,Kushiro,42.98,144.37,64.13,95,7,4.76,clear sky,JP,2020-08-02 20:17:21
183,Muisne,0.6,-80.03,80.6,83,90,8.05,shower rain,EC,2020-08-02 20:19:21
184,Kirkwood,38.58,-90.41,86.0,54,75,4.7,broken clouds,US,2020-08-02 20:19:21
185,Oshikango,-17.4,15.88,64.4,18,0,4.7,clear sky,NA,2020-08-02 20:19:21
186,Konongo,6.62,-1.22,73.11,83,17,2.66,few clouds,GH,2020-08-02 20:19:22
187,Road Town,18.42,-64.62,87.8,74,40,5.82,scattered clouds,VG,2020-08-02 20:14:59
188,Kokopo,-4.35,152.26,77.63,85,73,7.02,broken clouds,PG,2020-08-02 20:19:22
189,Kirakira,-10.45,161.92,78.89,81,19,5.5,few clouds,SB,2020-08-02 20:19:22
190,Goderich,43.75,-81.72,66.99,86,100,18.41,moderate rain,CA,2020-08-02 20:19:22
191,Dingle,11.0,122.67,76.48,82,99,3.65,overcast clouds,PH,2020-08-02 20:19:22
192,Berbera,10.44,45.01,92.62,40,72,19.44,broken clouds,SO,2020-08-02 20:19:22
193,Soyo,-6.13,12.37,72.43,88,0,8.08,clear sky,AO,2020-08-02 20:19:22
194,Sovetskiy,61.36,63.58,65.21,85,100,4.99,light rain,RU,2020-08-02 20:19:06
195,Nanortalik,60.14,-45.24,47.41,90,57,11.39,broken clouds,GL,2020-08-02 20:19:22
196,Dicabisagan,17.08,122.42,81.63,81,91,7.81,overcast clouds,PH,2020-08-02 20:19:22
197,Viedma,-40.81,-63.0,62.01,46,9,5.61,clear sky,AR,2020-08-02 20:19:22
198,Westport,41.14,-73.36,84.99,74,75,9.17,broken clouds,US,2020-08-02 20:17:02
199,Vostok,46.49,135.88,63.05,99,100,3.49,overcast clouds,RU,2020-08-02 20:19:23
200,Sept-Iles,50.2,-66.38,78.8,54,75,8.05,broken clouds,CA,2020-08-02 20:15:12
201,Adra,36.75,-3.02,86.0,94,20,3.36,few clouds,ES,2020-08-02 20:19:23
202,Greenwood,34.17,-82.12,91.99,65,1,5.82,thunderstorm,US,2020-08-02 20:19:23
203,Meulaboh,4.14,96.13,76.93,84,100,3.71,light rain,ID,2020-08-02 20:19:23
204,Jardim,-21.48,-56.14,87.76,27,0,8.88,clear sky,BR,2020-08-02 20:19:23
205,Neiafu,-18.65,-173.98,75.2,78,75,4.7,broken clouds,TO,2020-08-02 20:19:23
206,Yarmouth,41.71,-70.23,80.6,74,1,14.99,clear sky,US,2020-08-02 20:19:23
207,Bluff,-46.6,168.33,45.9,94,43,7.11,scattered clouds,NZ,2020-08-02 20:19:23
208,Khani,41.96,42.96,66.2,93,75,2.24,broken clouds,GE,2020-08-02 20:19:23
209,Beringovskiy,63.05,179.32,47.28,75,100,18.05,overcast clouds,RU,2020-08-02 20:19:23
210,George,-33.96,22.46,53.6,66,0,4.7,clear sky,ZA,2020-08-02 20:19:24
211,Coihaique,-45.58,-72.07,44.6,70,90,4.7,overcast clouds,CL,2020-08-02 20:18:01
212,Cayenne,4.93,-52.33,86.0,62,78,5.82,broken clouds,GF,2020-08-02 20:19:24
213,Moose Factory,51.26,-80.61,59.0,67,75,10.29,broken clouds,CA,2020-08-02 20:19:24
214,Ust-Tsilma,65.44,52.15,54.16,92,100,3.06,overcast clouds,RU,2020-08-02 20:19:24
215,Chapais,49.78,-74.85,64.4,93,75,4.7,broken clouds,CA,2020-08-02 20:19:24
216,Tuatapere,-46.13,167.68,43.02,89,58,3.96,broken clouds,NZ,2020-08-02 20:19:24
217,Urumqi,43.8,87.6,82.99,50,75,6.71,light intensity shower rain,CN,2020-08-02 20:19:24
218,Aracati,-4.56,-37.77,82.54,69,28,13.27,scattered clouds,BR,2020-08-02 20:19:24
219,Tamiahua,21.27,-97.45,88.34,64,15,10.49,few clouds,MX,2020-08-02 20:19:25
220,Tambo,-14.8,-73.92,57.04,31,0,7.99,clear sky,PE,2020-08-02 20:19:25
221,Saint George,37.1,-113.58,106.0,9,1,9.17,clear sky,US,2020-08-02 20:15:41
222,Laguna,38.42,-121.42,89.01,38,64,4.0,broken clouds,US,2020-08-02 20:19:25
223,Ambon,-3.7,128.18,77.2,84,66,8.46,broken clouds,ID,2020-08-02 20:19:25
224,Ca Mau,9.18,105.15,77.83,89,100,7.38,light rain,VN,2020-08-02 20:15:38
225,Wadi Musa,30.32,35.48,66.92,58,0,3.11,clear sky,JO,2020-08-02 20:19:25
226,Richards Bay,-28.78,32.04,65.88,75,0,16.62,clear sky,ZA,2020-08-02 20:19:25
227,Cozumel,20.51,-86.95,89.6,70,75,12.75,broken clouds,MX,2020-08-02 20:19:25
228,Eureka,40.8,-124.16,68.0,87,90,8.05,overcast clouds,US,2020-08-02 20:17:12
229,Tekirdag,40.98,27.51,69.8,77,0,11.41,clear sky,TR,2020-08-02 20:19:25
230,Akyab,20.15,92.9,83.34,83,100,5.12,light rain,MM,2020-08-02 20:19:25
231,Hervey Bay,-25.3,152.85,60.01,82,22,4.0,few clouds,AU,2020-08-02 20:19:26
232,Kindu,-2.95,25.95,79.5,39,53,0.92,broken clouds,CD,2020-08-02 20:16:03
233,Tiksi,71.69,128.87,43.47,90,100,4.63,overcast clouds,RU,2020-08-02 20:19:26
234,Florianopolis,-27.61,-48.5,73.4,56,3,9.17,clear sky,BR,2020-08-02 20:19:26
235,Pisco,-13.7,-76.22,66.2,68,6,8.05,clear sky,PE,2020-08-02 20:16:14
236,Mairwa,26.23,84.15,88.5,65,100,1.52,overcast clouds,IN,2020-08-02 20:19:26
237,Airai,-8.93,125.41,52.0,91,76,2.06,broken clouds,TL,2020-08-02 20:19:26
238,Bonito,-21.12,-56.48,88.09,27,0,7.52,clear sky,BR,2020-08-02 20:19:26
239,Gallup,35.53,-108.74,90.0,17,1,13.87,clear sky,US,2020-08-02 20:15:17
240,Laurel,39.1,-76.85,93.0,62,22,9.17,few clouds,US,2020-08-02 20:19:26
241,Shelburne,44.08,-80.2,69.01,100,90,2.24,light rain,CA,2020-08-02 20:19:03
242,Nabire,-3.37,135.48,74.55,91,48,5.06,scattered clouds,ID,2020-08-02 20:19:26
243,Sitka,57.05,-135.33,57.2,87,90,4.36,overcast clouds,US,2020-08-02 20:19:27
244,Meadow Lake,34.8,-106.54,90.0,32,75,4.7,broken clouds,US,2020-08-02 20:19:27
245,Kamenka,51.32,42.77,57.0,86,0,4.25,clear sky,RU,2020-08-02 20:19:27
246,Vite,17.28,74.55,70.9,89,100,20.33,light rain,IN,2020-08-02 20:19:27
247,Voi,-3.39,38.56,66.96,75,20,7.9,few clouds,KE,2020-08-02 20:19:27
248,Pevek,69.7,170.31,36.88,90,100,1.97,overcast clouds,RU,2020-08-02 20:19:27
249,Ancud,-41.87,-73.82,54.0,87,90,16.11,overcast clouds,CL,2020-08-02 20:19:27
250,Cidreira,-30.18,-50.21,64.33,68,100,7.61,overcast clouds,BR,2020-08-02 20:19:27
251,Acajutla,13.59,-89.83,91.4,52,20,3.36,few clouds,SV,2020-08-02 20:19:27
252,Cherskiy,68.75,161.3,51.17,68,57,2.1,broken clouds,RU,2020-08-02 20:19:27
253,Faanui,-16.48,-151.75,78.46,79,100,12.44,overcast clouds,PF,2020-08-02 20:19:28
254,Sao Jose Da Coroa Grande,-8.9,-35.15,75.61,78,89,13.87,overcast clouds,BR,2020-08-02 20:19:28
255,Pulandian,39.4,121.97,75.2,94,40,4.47,mist,CN,2020-08-02 20:19:28
256,Carnarvon,-24.87,113.63,53.6,87,6,5.82,clear sky,AU,2020-08-02 20:19:28
257,Balkanabat,39.51,54.37,92.03,13,0,9.57,clear sky,TM,2020-08-02 20:19:28
258,Kibala,9.11,18.35,71.06,97,100,3.98,overcast clouds,TD,2020-08-02 20:19:28
259,Lishui,28.46,119.91,75.2,88,4,1.68,clear sky,CN,2020-08-02 20:19:28
260,Adrar,20.5,-10.07,104.43,8,0,4.52,clear sky,MR,2020-08-02 20:19:28
261,Taltal,-25.4,-70.48,65.07,56,22,5.35,few clouds,CL,2020-08-02 20:19:28
262,Amapa,1.0,-52.0,83.08,73,15,3.94,light rain,BR,2020-08-02 20:19:28
263,Shahpur,16.7,76.83,75.25,83,100,16.31,light rain,IN,2020-08-02 20:19:29
264,Vaitape,-16.52,-151.75,79.3,78,100,12.35,overcast clouds,PF,2020-08-02 20:19:29
265,Geraldton,-28.77,114.6,57.2,82,75,17.22,broken clouds,AU,2020-08-02 20:19:29
266,Miranda De Ebro,42.69,-2.95,62.6,77,75,5.82,broken clouds,ES,2020-08-02 20:19:29
267,Surgut,61.25,73.42,68.0,77,54,6.71,broken clouds,RU,2020-08-02 20:19:29
268,Ballina,-28.87,153.57,52.0,100,14,6.71,few clouds,AU,2020-08-02 20:16:58
269,Inuvik,68.35,-133.72,51.8,93,90,2.24,overcast clouds,CA,2020-08-02 20:19:29
270,Panama City,8.99,-79.52,86.0,74,40,11.41,scattered clouds,PA,2020-08-02 20:16:30
271,Middelburg,-25.78,29.46,49.93,44,0,3.0,clear sky,ZA,2020-08-02 20:19:29
272,Omboue,-1.57,9.26,73.15,74,61,7.38,broken clouds,GA,2020-08-02 20:19:29
273,Hauge,58.34,6.28,57.0,83,60,10.47,broken clouds,NO,2020-08-02 20:19:29
274,Cap Malheureux,-19.98,57.61,66.99,77,29,3.0,scattered clouds,MU,2020-08-02 20:19:29
275,Sretensk,52.25,117.71,59.77,92,51,6.04,broken clouds,RU,2020-08-02 20:19:29
276,Hope,33.67,-93.59,91.99,40,14,1.01,few clouds,US,2020-08-02 20:19:30
277,Whitehorse,60.72,-135.05,66.0,55,75,11.41,broken clouds,CA,2020-08-02 20:16:59
278,Borzya,50.38,116.52,58.57,86,29,6.82,scattered clouds,RU,2020-08-02 20:19:30
279,Yar-Sale,66.83,70.83,60.87,66,98,12.35,overcast clouds,RU,2020-08-02 20:19:30
280,Saldanha,-33.01,17.94,55.4,71,0,2.24,clear sky,ZA,2020-08-02 20:19:30
281,Broken Hill,-31.95,141.43,50.0,43,100,8.05,overcast clouds,AU,2020-08-02 20:19:30
282,Nemuro,43.32,145.57,63.39,93,0,11.25,clear sky,JP,2020-08-02 20:19:30
283,Dryden,49.78,-92.75,66.2,52,40,8.05,scattered clouds,CA,2020-08-02 20:19:30
284,Arica,-18.48,-70.3,62.6,67,29,13.87,scattered clouds,CL,2020-08-02 20:19:30
285,Haines Junction,60.75,-137.51,62.04,54,100,9.13,overcast clouds,CA,2020-08-02 20:19:30
286,Kamaishi,39.27,141.88,67.77,84,72,7.25,broken clouds,JP,2020-08-02 20:19:30
287,Katsuura,35.13,140.3,75.2,88,40,3.36,scattered clouds,JP,2020-08-02 20:19:30
288,Olinda,-8.01,-34.86,78.8,69,40,14.99,scattered clouds,BR,2020-08-02 20:17:06
289,Loreto,22.27,-101.97,75.54,43,88,10.29,overcast clouds,MX,2020-08-02 20:19:31
290,Henderson,36.04,-114.98,107.01,6,1,18.34,clear sky,US,2020-08-02 20:16:24
291,Prince Rupert,54.32,-130.32,59.0,93,90,3.36,light rain,CA,2020-08-02 20:19:31
292,Ippy,6.27,21.22,70.07,97,99,3.47,overcast clouds,CF,2020-08-02 20:19:31
293,Pacific Grove,36.62,-121.92,75.99,68,40,8.05,scattered clouds,US,2020-08-02 20:16:00
294,Vila Velha,-20.33,-40.29,73.99,64,20,11.41,few clouds,BR,2020-08-02 20:16:23
295,Maltahohe,-24.83,16.98,53.78,35,0,7.56,clear sky,NA,2020-08-02 20:19:31
296,Henties Bay,-22.12,14.28,73.99,24,0,1.01,clear sky,NA,2020-08-02 20:19:31
297,Lethem,3.38,-59.8,84.07,70,25,4.14,light rain,GY,2020-08-02 20:19:31
298,Gizo,-8.1,156.84,80.98,81,16,9.91,light rain,SB,2020-08-02 20:19:32
299,Bathsheba,13.22,-59.52,87.8,66,40,13.87,scattered clouds,BB,2020-08-02 20:19:32
300,Kovdor,67.57,30.48,45.3,91,49,2.17,scattered clouds,RU,2020-08-02 20:19:32
301,Tocopilla,-22.09,-70.2,67.42,47,36,10.85,scattered clouds,CL,2020-08-02 20:19:32
302,Cabo San Lucas,22.89,-109.91,95.0,55,20,10.29,few clouds,MX,2020-08-02 20:19:14
303,Oranjemund,-28.55,16.43,69.04,26,0,5.68,clear sky,NA,2020-08-02 20:19:32
304,Noumea,-22.28,166.46,69.01,93,90,1.12,overcast clouds,NC,2020-08-02 20:18:02
305,Polyarnyy,69.2,33.45,50.0,87,75,2.24,broken clouds,RU,2020-08-02 20:19:32
306,Namibe,-15.2,12.15,67.08,88,13,6.76,few clouds,AO,2020-08-02 20:19:32
307,Jaciara,-15.97,-54.97,91.2,19,0,6.42,clear sky,BR,2020-08-02 20:19:32
308,Kichera,55.94,110.1,59.25,79,3,4.38,clear sky,RU,2020-08-02 20:19:32
309,Saint-Augustin,51.23,-58.65,69.42,67,0,17.25,clear sky,CA,2020-08-02 20:19:32
310,Hit,33.64,42.83,88.18,19,0,3.42,clear sky,IQ,2020-08-02 20:19:33
311,Bongandanga,1.5,21.05,73.18,94,100,1.36,overcast clouds,CD,2020-08-02 20:19:33
312,Jian,27.12,114.98,79.93,77,0,2.15,clear sky,CN,2020-08-02 20:19:33
313,Asyut,27.18,31.18,93.2,30,0,6.93,clear sky,EG,2020-08-02 20:18:46
314,Puerto Baquerizo Moreno,-0.9,-89.6,75.2,69,75,9.17,broken clouds,EC,2020-08-02 20:19:33
315,Kaitangata,-46.28,169.85,50.0,85,100,1.99,overcast clouds,NZ,2020-08-02 20:19:33
316,Ishigaki,24.34,124.16,81.86,90,100,51.47,heavy intensity rain,JP,2020-08-02 20:19:33
317,Lata,40.16,-8.33,66.99,72,42,5.99,scattered clouds,PT,2020-08-02 20:19:33
318,Inirida,3.87,-67.92,84.92,72,44,2.57,light rain,CO,2020-08-02 20:19:33
319,Sorong,-0.88,131.25,78.33,90,100,12.82,light rain,ID,2020-08-02 20:19:33
320,Cherepovets,59.13,37.9,48.2,100,40,3.51,fog,RU,2020-08-02 20:19:33
321,Sirjan,29.45,55.68,79.39,27,25,9.64,scattered clouds,IR,2020-08-02 20:19:34
322,Asau,46.43,26.4,55.0,87,0,1.3,clear sky,RO,2020-08-02 20:19:34
323,Salvacion,7.98,126.13,73.78,96,100,1.59,light rain,PH,2020-08-02 20:19:34
324,Shizuishan,39.23,106.77,74.26,27,3,5.19,clear sky,CN,2020-08-02 20:19:34
325,Bayeux,-7.12,-34.93,73.4,94,75,12.75,broken clouds,BR,2020-08-02 20:19:34
326,Bafoulabe,13.81,-10.83,81.63,86,90,4.7,overcast clouds,ML,2020-08-02 20:19:34
327,Kahului,20.89,-156.47,84.2,62,40,23.04,scattered clouds,US,2020-08-02 20:18:10
328,Tilichiki,60.47,166.1,52.2,79,93,1.12,overcast clouds,RU,2020-08-02 20:19:34
329,Moussoro,13.64,16.49,75.69,88,100,18.39,heavy intensity rain,TD,2020-08-02 20:19:34
330,Maceio,-9.67,-35.74,75.2,83,75,6.93,broken clouds,BR,2020-08-02 20:19:34
331,Mehamn,71.04,27.85,50.0,87,75,9.17,broken clouds,NO,2020-08-02 20:19:34
332,El Dorado,33.21,-92.67,87.8,45,1,3.8,clear sky,US,2020-08-02 20:19:35
333,Qasigiannguit,68.82,-51.19,48.2,66,20,8.05,few clouds,GL,2020-08-02 20:19:35
334,Cavalcante,-13.8,-47.46,81.28,27,0,9.22,clear sky,BR,2020-08-02 20:19:35
335,Constitucion,-35.33,-72.42,59.22,79,0,6.17,clear sky,CL,2020-08-02 20:19:35
336,Marawi,8.0,124.29,77.0,89,96,4.0,light rain,PH,2020-08-02 20:19:35
337,Manolas,38.05,21.35,84.2,65,20,0.72,few clouds,GR,2020-08-02 20:19:35
338,Codrington,-38.27,141.97,42.01,89,9,9.71,clear sky,AU,2020-08-02 20:19:35
339,Rocha,-34.48,-54.33,64.83,85,100,3.13,overcast clouds,UY,2020-08-02 20:19:35
340,Varniai,55.74,22.36,62.6,77,4,5.82,clear sky,LT,2020-08-02 20:19:35
341,Taksimo,56.34,114.88,56.41,86,61,1.57,broken clouds,RU,2020-08-02 20:19:35
342,Kilindoni,-7.91,39.67,76.68,81,60,22.53,light rain,TZ,2020-08-02 20:19:35
343,Ternate,0.8,127.4,78.8,85,100,9.64,light rain,ID,2020-08-02 20:19:35
344,Beloha,-25.17,45.05,62.37,73,0,15.46,clear sky,MG,2020-08-02 20:19:36
345,Jacksonville,30.33,-81.66,89.6,78,75,5.82,moderate rain,US,2020-08-02 20:18:12
346,Isangel,-19.55,169.27,67.37,70,9,11.99,clear sky,VU,2020-08-02 20:19:36
347,Sheopur,25.67,76.7,84.74,72,14,7.43,few clouds,IN,2020-08-02 20:19:36
348,Birao,10.28,22.79,70.99,95,96,1.97,overcast clouds,CF,2020-08-02 20:19:36
349,Karimpur,23.97,88.62,83.46,80,88,4.85,overcast clouds,IN,2020-08-02 20:19:36
350,Kismayo,-0.36,42.55,77.07,78,64,19.22,broken clouds,SO,2020-08-02 20:19:36
351,Wajir,1.75,40.06,77.5,53,48,17.49,scattered clouds,KE,2020-08-02 20:19:36
352,Elko,41.0,-115.5,98.01,8,1,3.38,clear sky,US,2020-08-02 20:19:36
353,Labuhan,-6.88,112.21,73.58,84,58,8.57,broken clouds,ID,2020-08-02 20:19:36
354,Alihe,50.57,123.72,64.63,95,100,6.02,light rain,CN,2020-08-02 20:19:36
355,Nuevo Progreso,23.17,-97.95,91.99,53,1,3.0,clear sky,MX,2020-08-02 20:19:37
356,Bandarbeyla,9.49,50.81,78.01,75,0,31.32,clear sky,SO,2020-08-02 20:19:37
357,Aguas Vermelhas,-15.75,-41.46,68.9,61,75,5.97,broken clouds,BR,2020-08-02 20:19:37
358,Santa Vitoria Do Palmar,-33.52,-53.37,65.48,84,99,4.34,overcast clouds,BR,2020-08-02 20:19:37
359,Shieli,44.17,66.75,80.2,32,0,9.42,clear sky,KZ,2020-08-02 20:19:37
360,Acapulco,16.86,-99.89,87.8,70,20,10.29,few clouds,MX,2020-08-02 20:19:20
361,Hendrina,-26.16,29.72,51.01,46,0,4.23,clear sky,ZA,2020-08-02 20:19:04
362,Brae,60.4,-1.35,53.6,87,99,11.41,overcast clouds,GB,2020-08-02 20:19:37
363,Acarau,-2.89,-40.12,82.36,68,8,14.56,clear sky,BR,2020-08-02 20:19:37
364,Luderitz,-26.65,15.16,71.6,21,0,8.05,clear sky,NA,2020-08-02 20:19:37
365,Obera,-27.49,-55.12,76.37,59,0,1.28,clear sky,AR,2020-08-02 20:19:37
366,Aquin,18.28,-73.4,84.92,71,98,6.55,light rain,HT,2020-08-02 20:19:37
367,Alta Floresta,-9.88,-56.09,95.0,23,20,6.93,few clouds,BR,2020-08-02 20:19:38
368,Thunder Bay,48.4,-89.32,69.8,43,75,12.75,broken clouds,CA,2020-08-02 20:19:38
369,Mana,5.66,-53.78,81.81,81,96,8.59,light rain,GF,2020-08-02 20:19:38
370,Camana,-16.62,-72.71,63.7,69,62,7.92,broken clouds,PE,2020-08-02 20:19:38
371,Ardakan,32.31,54.02,89.6,21,20,4.7,few clouds,IR,2020-08-02 20:19:38
372,Sasina,44.8,16.74,75.2,69,1,2.24,clear sky,BA,2020-08-02 20:19:38
373,Nyurba,63.28,118.33,54.12,78,0,3.42,clear sky,RU,2020-08-02 20:19:38
374,Kiama,-34.68,150.87,46.0,64,52,6.78,broken clouds,AU,2020-08-02 20:19:38
375,Mazatlan,23.22,-106.42,91.4,59,40,9.17,scattered clouds,MX,2020-08-02 20:19:38
376,Vittorio Veneto,45.98,12.3,75.0,79,49,1.01,light rain,IT,2020-08-02 20:19:39
377,Cartagena,10.4,-75.51,87.8,84,40,8.05,scattered clouds,CO,2020-08-02 20:17:07
378,Troitsko-Pechorsk,62.71,56.2,55.98,95,94,7.18,overcast clouds,RU,2020-08-02 20:19:39
379,Tevaitoa,-16.78,-151.5,79.12,77,100,11.5,overcast clouds,PF,2020-08-02 20:19:39
380,Chatellerault,46.8,0.53,69.8,46,40,5.82,scattered clouds,FR,2020-08-02 20:19:39
381,Carutapera,-1.2,-46.02,80.62,85,68,6.96,light rain,BR,2020-08-02 20:19:39
382,Qinzhou,21.95,108.62,78.4,92,100,7.96,moderate rain,CN,2020-08-02 20:19:39
383,Honiara,-9.43,159.95,77.72,81,49,3.89,scattered clouds,SB,2020-08-02 20:19:39
384,Maningrida,-12.07,134.27,65.14,95,83,6.91,broken clouds,AU,2020-08-02 20:19:39
385,Shimoda,34.67,138.95,68.0,95,2,1.66,clear sky,JP,2020-08-02 20:19:39
386,Lahaina,20.88,-156.68,84.2,62,40,23.04,scattered clouds,US,2020-08-02 20:19:39
387,Hambantota,6.12,81.12,80.1,78,100,17.45,overcast clouds,LK,2020-08-02 20:19:40
388,Kavaratti,10.57,72.64,82.45,78,100,21.88,light rain,IN,2020-08-02 20:19:40
389,Sayyan,15.17,44.32,58.78,79,100,6.17,moderate rain,YE,2020-08-02 20:19:40
390,Tarija,-21.54,-64.73,74.37,34,0,11.54,clear sky,BO,2020-08-02 20:19:40
391,Aketi,2.74,23.78,72.28,95,99,0.87,light rain,CD,2020-08-02 20:19:40
392,Busko-Zdroj,50.47,20.72,68.0,1,100,7.16,overcast clouds,PL,2020-08-02 20:19:40
393,Rawatbhata,24.93,75.58,83.32,70,88,9.24,overcast clouds,IN,2020-08-02 20:19:40
394,San Ramon,37.78,-121.98,89.01,35,1,8.05,clear sky,US,2020-08-02 20:18:33
395,Yerbogachen,61.28,108.01,55.67,71,0,4.54,clear sky,RU,2020-08-02 20:19:40
396,Gurupi,-11.73,-49.07,89.11,30,98,6.53,overcast clouds,BR,2020-08-02 20:19:40
397,Diffa,13.32,12.61,83.41,62,31,10.18,scattered clouds,NE,2020-08-02 20:19:40
398,Sukumo,32.93,132.73,73.71,92,100,1.52,overcast clouds,JP,2020-08-02 20:19:40
399,Alakurtti,66.97,30.35,50.0,87,26,0.31,scattered clouds,RU,2020-08-02 20:19:40
400,Husavik,66.04,-17.34,50.0,93,90,8.05,mist,IS,2020-08-02 20:18:05
401,Amos,48.57,-78.12,66.2,93,90,8.05,light intensity shower rain,CA,2020-08-02 20:19:41
402,Wah,33.8,72.7,86.0,89,75,5.82,broken clouds,PK,2020-08-02 20:19:41
403,Gelemso,8.82,40.52,60.89,82,73,5.14,broken clouds,ET,2020-08-02 20:19:41
404,Mareeba,-17.0,145.43,66.2,88,90,11.41,overcast clouds,AU,2020-08-02 20:19:41
405,Nizhniy Kuranakh,58.84,125.49,51.17,86,100,3.62,overcast clouds,RU,2020-08-02 20:19:41
406,College,64.86,-147.8,69.01,63,75,10.29,broken clouds,US,2020-08-02 20:19:41
407,Port Blair,11.67,92.75,82.35,80,100,26.44,light rain,IN,2020-08-02 20:19:41
408,Zenzeli,45.92,47.05,77.02,46,99,12.33,overcast clouds,RU,2020-08-02 20:19:41
409,Tortoli,39.93,9.66,84.2,94,5,6.93,clear sky,IT,2020-08-02 20:19:41
410,Vila Franca Do Campo,37.72,-25.43,73.4,69,20,8.05,few clouds,PT,2020-08-02 20:19:41
411,Providencia,28.72,-111.58,100.99,50,28,5.99,scattered clouds,MX,2020-08-02 20:19:41
412,Mount Isa,-20.73,139.5,48.2,61,0,7.31,clear sky,AU,2020-08-02 20:19:42
413,Ankazoabo,-22.28,44.52,60.03,51,0,7.54,clear sky,MG,2020-08-02 20:19:42
414,Alekseyevka,50.63,38.69,57.79,88,0,6.73,clear sky,RU,2020-08-02 20:19:42
415,Loukhi,66.08,33.04,48.4,80,27,3.33,scattered clouds,RU,2020-08-02 20:19:42
416,Svetlaya,46.54,138.33,64.63,92,100,13.11,overcast clouds,RU,2020-08-02 20:19:42
417,Kavieng,-2.57,150.8,81.59,78,22,5.48,few clouds,PG,2020-08-02 20:19:42
418,Kruisfontein,-34.0,24.73,62.01,49,0,6.55,clear sky,ZA,2020-08-02 20:19:42
419,San Policarpo,12.18,125.51,82.13,77,100,3.71,overcast clouds,PH,2020-08-02 20:19:42
420,Jining,35.41,116.58,77.88,95,18,8.86,moderate rain,CN,2020-08-02 20:19:42
421,Tucumcari,35.17,-103.72,96.8,20,1,12.75,clear sky,US,2020-08-02 20:19:42
422,Walvis Bay,-22.96,14.51,75.2,16,0,3.36,clear sky,NA,2020-08-02 20:19:42
423,Sobolevo,54.43,31.9,52.45,85,38,2.8,scattered clouds,RU,2020-08-02 20:19:42
424,Fairbanks,64.84,-147.72,69.01,77,75,4.7,broken clouds,US,2020-08-02 20:15:02
425,Buraydah,26.33,43.98,100.4,19,54,4.7,broken clouds,SA,2020-08-02 20:19:43
426,Alpena,45.06,-83.43,71.6,83,90,6.93,overcast clouds,US,2020-08-02 20:16:31
427,Joniskis,56.24,23.62,62.6,77,85,5.82,overcast clouds,LT,2020-08-02 20:19:43
428,Yokadouma,3.52,15.05,71.13,92,100,1.86,overcast clouds,CM,2020-08-02 20:19:43
429,Srednekolymsk,67.45,153.68,57.43,56,41,2.62,scattered clouds,RU,2020-08-02 20:19:43
430,Ust-Nera,64.57,143.2,60.57,51,97,2.89,light rain,RU,2020-08-02 20:19:43
431,Dukat,62.55,155.55,50.43,67,1,3.69,clear sky,RU,2020-08-02 20:19:43
432,Lianran,24.92,102.48,68.0,100,90,8.95,overcast clouds,CN,2020-08-02 20:19:43
433,Dubbo,-32.25,148.62,33.8,100,70,8.05,broken clouds,AU,2020-08-02 20:19:43
434,Mbuji-Mayi,-6.15,23.6,82.94,25,62,2.1,broken clouds,CD,2020-08-02 20:19:43
435,Ekhabi,53.51,142.97,52.77,92,100,11.68,overcast clouds,RU,2020-08-02 20:19:43
436,Muros,42.78,-9.06,66.0,71,100,5.01,overcast clouds,ES,2020-08-02 20:19:43
437,Jinxi,30.43,116.29,79.32,80,5,1.19,clear sky,CN,2020-08-02 20:19:44
438,Toronto,43.7,-79.42,82.4,88,75,20.8,broken clouds,CA,2020-08-02 20:19:44
439,Dharchula,29.85,80.53,68.86,76,28,1.5,light rain,IN,2020-08-02 20:19:44
440,Minsk,53.9,27.57,55.4,82,100,4.47,overcast clouds,BY,2020-08-02 20:19:44
441,Wenling,28.37,121.36,84.0,58,0,1.77,clear sky,CN,2020-08-02 20:19:44
442,Pocri,8.27,-80.55,88.21,66,100,9.04,moderate rain,PA,2020-08-02 20:19:44
443,Kabo,7.7,18.63,71.04,95,100,2.53,overcast clouds,CF,2020-08-02 20:19:44
444,Slawno,54.36,16.68,62.8,93,100,2.28,overcast clouds,PL,2020-08-02 20:19:44
445,Channel-Port Aux Basques,47.57,-59.14,67.44,80,0,13.62,clear sky,CA,2020-08-02 20:19:44
446,George Town,5.41,100.34,84.0,78,20,5.82,few clouds,MY,2020-08-02 20:19:44
447,Adiake,5.29,-3.3,77.0,88,20,9.17,few clouds,CI,2020-08-02 20:19:44
448,Half Moon Bay,37.46,-122.43,75.0,72,20,11.41,few clouds,US,2020-08-02 20:19:45
449,Tra Vinh,9.93,106.35,77.04,91,96,6.31,overcast clouds,VN,2020-08-02 20:19:45
450,Batsfjord,70.63,29.72,48.2,87,75,14.99,light intensity drizzle,NO,2020-08-02 20:19:45
451,Kokstad,-30.55,29.42,53.89,35,0,4.9,clear sky,ZA,2020-08-02 20:19:45
452,Aleksandrovskiy Zavod,50.92,117.94,56.05,92,98,2.37,light rain,RU,2020-08-02 20:19:45
453,Boden,65.83,21.69,59.0,82,6,3.36,clear sky,SE,2020-08-02 20:19:45
454,Suzhou,31.31,120.62,88.0,73,99,9.86,overcast clouds,CN,2020-08-02 20:16:45
455,Tambun,-6.26,107.07,79.0,78,40,6.93,haze,ID,2020-08-02 20:19:45
456,Minuri,16.54,121.86,75.52,86,100,2.42,overcast clouds,PH,2020-08-02 20:19:45
457,Verkhnevilyuysk,63.45,120.32,53.28,74,0,2.21,clear sky,RU,2020-08-02 20:19:45
458,Hofn,64.25,-15.21,51.87,89,100,7.05,overcast clouds,IS,2020-08-02 20:19:45
459,Deputatskiy,69.3,139.9,47.73,74,77,2.44,broken clouds,RU,2020-08-02 20:19:46
460,Fare,-16.7,-151.02,79.11,77,97,11.01,overcast clouds,PF,2020-08-02 20:19:46
461,Ekibastuz,51.67,75.37,74.73,58,0,8.21,clear sky,KZ,2020-08-02 20:19:46
462,Volsk,52.03,47.38,59.94,79,43,1.34,light rain,RU,2020-08-02 20:19:46
463,Nowa Deba,50.43,21.75,70.0,51,100,4.0,overcast clouds,PL,2020-08-02 20:19:46
464,Gaoual,11.75,-13.2,77.97,90,74,4.59,moderate rain,GN,2020-08-02 20:19:46
465,Sinnamary,5.38,-52.95,82.72,77,85,10.87,light rain,GF,2020-08-02 20:19:46
466,Erenhot,43.65,111.98,66.65,54,32,13.38,scattered clouds,CN,2020-08-02 20:19:46
467,Roma,43.21,-75.46,89.6,49,75,11.41,broken clouds,US,2020-08-02 20:19:19
468,Karatuzskoye,53.61,92.87,55.04,94,100,2.51,overcast clouds,RU,2020-08-02 20:19:46
469,Bilibino,68.05,166.44,46.67,69,99,0.89,overcast clouds,RU,2020-08-02 20:19:47
470,Kaeo,-35.1,173.78,55.0,3,64,3.0,broken clouds,NZ,2020-08-02 20:19:47
471,Ursulo Galvan,22.73,-98.3,93.99,63,0,10.0,clear sky,MX,2020-08-02 20:19:47
472,Faya,18.39,42.45,68.0,72,75,4.79,broken clouds,SA,2020-08-02 20:19:47
473,Bage,-31.33,-54.11,80.6,44,100,6.93,overcast clouds,BR,2020-08-02 20:19:47
474,Monrovia,6.3,-10.8,77.0,94,75,9.17,light rain,LR,2020-08-02 20:19:47
475,Espanola,35.99,-106.08,88.0,32,1,10.29,clear sky,US,2020-08-02 20:15:37
476,Santa Cruz De Tenerife,28.47,-16.25,73.99,47,49,13.53,scattered clouds,ES,2020-08-02 20:19:07
477,Bertinoro,44.15,12.14,79.0,88,20,5.82,few clouds,IT,2020-08-02 20:19:47
478,Tokat,40.42,36.58,51.6,100,47,4.83,scattered clouds,TR,2020-08-02 20:19:47
479,Bareli,28.35,79.42,87.91,65,100,4.16,overcast clouds,IN,2020-08-02 20:19:47
480,Breves,-1.68,-50.48,89.44,49,25,4.81,scattered clouds,BR,2020-08-02 20:19:47
481,Aklavik,68.22,-135.01,53.6,87,90,3.36,overcast clouds,CA,2020-08-02 20:19:47
482,Kendari,-3.94,122.5,73.27,91,92,2.84,overcast clouds,ID,2020-08-02 20:19:48
483,Mokrous,51.23,47.52,64.31,56,9,1.72,clear sky,RU,2020-08-02 20:19:48
484,Salaza,15.45,119.96,80.33,76,100,5.79,overcast clouds,PH,2020-08-02 20:19:48
485,Rawson,-43.3,-65.1,56.5,38,0,6.91,clear sky,AR,2020-08-02 20:19:48
486,Cabedelo,-6.98,-34.83,73.4,94,75,12.75,broken clouds,BR,2020-08-02 20:19:48
487,Zhigansk,66.77,123.37,53.74,67,100,11.27,overcast clouds,RU,2020-08-02 20:19:48
488,Jumla,29.27,82.18,62.22,71,52,1.74,broken clouds,NP,2020-08-02 20:19:48
489,Dargaville,-35.93,173.88,53.37,85,75,7.74,broken clouds,NZ,2020-08-02 20:19:48
490,Irkutsk,52.3,104.3,57.2,100,90,11.18,light intensity shower rain,RU,2020-08-02 20:19:48
491,Marsa Matruh,31.35,27.25,78.8,83,40,9.17,scattered clouds,EG,2020-08-02 20:19:48
492,Shelopugino,51.65,117.56,54.57,94,54,4.14,light rain,RU,2020-08-02 20:19:48
493,Bintulu,3.17,113.03,77.0,88,40,5.82,scattered clouds,MY,2020-08-02 20:19:48
494,Pauini,-7.71,-66.98,96.46,27,30,2.17,scattered clouds,BR,2020-08-02 20:19:49
495,Limon,10.0,-83.03,87.8,70,40,8.05,scattered clouds,CR,2020-08-02 20:19:49
496,Greystones,53.14,-6.06,57.0,80,91,7.14,overcast clouds,IE,2020-08-02 20:19:49
497,Zhenlai,45.85,123.3,67.5,96,100,0.83,overcast clouds,CN,2020-08-02 20:19:49
498,Solnechnyy,50.72,136.63,53.02,89,100,7.54,overcast clouds,RU,2020-08-02 20:19:49
499,Anshun,26.25,105.93,66.96,95,98,2.59,overcast clouds,CN,2020-08-02 20:19:50
500,Ushtobe,45.25,77.98,68.56,40,17,1.48,few clouds,KZ,2020-08-02 20:19:50
501,Staryy Nadym,65.61,72.68,62.2,66,3,11.45,clear sky,RU,2020-08-02 20:19:50
502,Nanpiao,41.1,120.75,69.31,92,0,5.59,clear sky,CN,2020-08-02 20:19:50
503,Inongo,-1.95,18.27,77.09,62,80,3.94,broken clouds,CD,2020-08-02 20:19:50
504,Ha Giang,22.83,104.98,77.47,85,100,1.97,light rain,VN,2020-08-02 20:19:50
505,Sciacca,37.51,13.09,84.0,48,0,8.01,clear sky,IT,2020-08-02 20:19:51
506,Yulara,-25.24,130.99,39.2,27,0,5.82,clear sky,AU,2020-08-02 20:19:51
507,Bereda,43.27,-7.54,64.0,85,100,5.01,overcast clouds,ES,2020-08-02 20:19:51
508,Egvekinot,66.32,-179.17,45.0,67,16,1.68,few clouds,RU,2020-08-02 20:19:51
509,Avera,33.19,-82.53,96.8,46,40,8.05,scattered clouds,US,2020-08-02 20:19:51
510,Buchanan,5.88,-10.05,77.0,94,75,9.17,light rain,LR,2020-08-02 20:19:51
511,Wanning,18.8,110.4,79.45,90,100,7.27,moderate rain,CN,2020-08-02 20:19:51
512,Beyneu,45.32,55.2,85.93,20,29,11.21,scattered clouds,KZ,2020-08-02 20:19:51
513,Batetskiy,58.65,30.3,54.61,92,91,3.56,overcast clouds,RU,2020-08-02 20:19:51
514,Angoram,-4.06,144.07,73.76,98,56,2.06,broken clouds,PG,2020-08-02 20:19:51
515,Sakaiminato,35.55,133.23,77.0,94,75,3.36,broken clouds,JP,2020-08-02 20:19:52
516,Itarema,-2.92,-39.92,81.41,70,3,14.97,clear sky,BR,2020-08-02 20:19:52
517,Evensk,61.95,159.23,58.08,58,42,4.56,scattered clouds,RU,2020-08-02 20:19:52
518,Nehe,48.48,124.83,68.94,95,100,10.09,moderate rain,CN,2020-08-02 20:19:52
519,Richmond,37.55,-77.46,95.0,47,40,21.92,scattered clouds,US,2020-08-02 20:17:01
520,Port-Cartier,50.03,-66.87,78.8,54,75,8.05,broken clouds,CA,2020-08-02 20:19:52
521,Ambulu,-8.35,113.61,70.2,89,45,3.04,scattered clouds,ID,2020-08-02 20:19:52
522,Miramar,25.99,-80.23,89.6,70,75,14.99,broken clouds,US,2020-08-02 20:19:53
523,Sambava,-14.27,50.17,72.14,82,100,20.42,light rain,MG,2020-08-02 20:19:53
524,Do Gonbadan,30.36,50.8,95.0,36,0,6.93,clear sky,IR,2020-08-02 20:19:53
525,Plyussa,58.43,29.37,57.0,77,67,4.59,broken clouds,RU,2020-08-02 20:19:53
526,Pike Creek,39.73,-75.7,91.99,59,40,13.87,scattered clouds,US,2020-08-02 20:16:15
527,Guerrero Negro,27.98,-114.06,86.04,46,90,15.12,overcast clouds,MX,2020-08-02 20:19:53
528,Preobrazheniye,42.9,133.91,68.76,95,100,5.5,light rain,RU,2020-08-02 20:19:53
529,Vanimo,-2.67,141.3,77.31,84,100,2.08,light rain,PG,2020-08-02 20:19:53
530,Kiunga,-6.12,141.29,70.34,93,87,2.06,overcast clouds,PG,2020-08-02 20:19:53
531,Lewistown,40.6,-77.57,91.4,41,1,16.11,clear sky,US,2020-08-02 20:19:54
532,Itoman,26.12,127.67,84.2,83,20,14.99,few clouds,JP,2020-08-02 20:19:54
533,Aksarka,66.56,67.8,64.22,60,100,13.73,overcast clouds,RU,2020-08-02 20:19:54
534,Dali,25.7,100.18,63.52,82,59,4.32,broken clouds,CN,2020-08-02 20:19:54
535,Olden,61.84,6.81,53.6,87,75,8.05,light intensity drizzle rain,NO,2020-08-02 20:19:54
536,Kudahuvadhoo,2.67,72.89,82.42,79,100,11.59,light rain,MV,2020-08-02 20:19:54
537,Shahr-E Kord,32.33,50.86,68.2,31,0,1.95,clear sky,IR,2020-08-02 20:19:55
538,Maragogi,-9.01,-35.22,75.06,79,85,13.27,overcast clouds,BR,2020-08-02 20:18:39
539,Kurchum,48.57,83.65,65.64,54,6,6.49,clear sky,KZ,2020-08-02 20:19:55
540,Lengshuijiang,27.69,111.43,78.3,79,0,0.36,clear sky,CN,2020-08-02 20:19:55
541,Ciechanow,52.88,20.62,64.99,59,9,2.24,clear sky,PL,2020-08-02 20:19:55
542,Mocuba,-16.84,36.99,62.8,96,34,3.38,scattered clouds,MZ,2020-08-02 20:19:55
543,Salalah,17.02,54.09,80.6,88,40,3.36,scattered clouds,OM,2020-08-02 20:19:55
544,Christchurch,-43.53,172.63,50.0,93,100,3.36,overcast clouds,NZ,2020-08-02 20:15:46
545,Nhulunbuy,-12.23,136.77,71.6,94,40,6.93,scattered clouds,AU,2020-08-02 20:19:55
546,Ketchikan,55.34,-131.65,62.6,93,90,9.17,overcast clouds,US,2020-08-02 20:19:55
547,Biak,-0.91,122.88,74.05,87,100,2.93,light rain,ID,2020-08-02 20:19:55
548,Liseleje,56.01,11.95,63.0,85,54,3.0,broken clouds,DK,2020-08-02 20:19:56
549,Verkhoyansk,67.54,133.38,55.65,60,14,2.89,few clouds,RU,2020-08-02 20:19:56
550,Andilamena,-17.02,48.58,54.72,87,89,13.4,overcast clouds,MG,2020-08-02 20:19:56
551,Grenada,37.19,-3.61,91.4,14,0,3.36,clear sky,ES,2020-08-02 20:19:56
552,Parrita,9.52,-84.32,81.0,74,75,6.93,broken clouds,CR,2020-08-02 20:19:46
553,Trinidad,-14.83,-64.9,93.2,34,20,4.7,few clouds,BO,2020-08-02 20:19:12
554,Sungaipenuh,-2.08,101.38,63.93,96,31,0.34,light rain,ID,2020-08-02 20:19:56
555,Imola,44.35,11.72,79.0,83,33,1.01,scattered clouds,IT,2020-08-02 20:19:56
556,Byron Bay,-28.65,153.62,52.0,100,21,6.67,few clouds,AU,2020-08-02 20:19:30
557,Gravelbourg,49.88,-106.55,82.0,28,30,13.85,scattered clouds,CA,2020-08-02 20:19:57
558,Usinsk,65.99,57.53,58.01,91,96,13.13,overcast clouds,RU,2020-08-02 20:19:57
559,Taoudenni,22.68,-3.98,108.75,14,78,5.35,broken clouds,ML,2020-08-02 20:19:57
560,Port Augusta,-32.5,137.77,48.2,93,40,5.82,scattered clouds,AU,2020-08-02 20:19:57
561,Kikuchi,32.98,130.82,80.01,83,65,3.0,broken clouds,JP,2020-08-02 20:19:57
562,Okhotsk,59.38,143.3,59.11,73,0,1.57,clear sky,RU,2020-08-02 20:19:57
563,Pedras De Fogo,-7.4,-35.12,73.4,94,75,12.75,broken clouds,BR,2020-08-02 20:19:57
564,Margate,51.38,1.39,64.0,70,100,1.99,light rain,GB,2020-08-02 20:19:57
565,Taranto,40.62,17.25,86.0,38,0,6.04,clear sky,IT,2020-08-02 20:19:58
566,Pierre,44.37,-100.35,78.8,34,75,6.93,broken clouds,US,2020-08-02 20:19:58
567,Kaduqli,11.02,29.72,74.39,85,100,6.96,moderate rain,SD,2020-08-02 20:19:58
568,Ourem,39.64,-8.59,68.0,77,35,15.41,scattered clouds,PT,2020-08-02 20:19:58
569,Ludvika,60.15,15.19,64.4,77,65,6.93,broken clouds,SE,2020-08-02 20:19:58
570,La Orilla,17.98,-102.23,87.58,65,0,10.94,clear sky,MX,2020-08-02 20:19:58
571,San Juan,-31.54,-68.54,67.12,25,0,9.4,clear sky,AR,2020-08-02 20:19:58
572,Alice Springs,-23.7,133.88,39.2,27,0,5.41,clear sky,AU,2020-08-02 20:19:58
573,Sakakah,29.97,40.21,95.0,12,0,3.36,clear sky,SA,2020-08-02 20:19:58
574,Meylan,45.22,5.79,69.8,77,100,4.7,overcast clouds,FR,2020-08-02 20:19:58
575,Bogorodskoye,56.55,37.88,51.17,89,4,2.86,clear sky,RU,2020-08-02 20:19:58
576,Saint-Francois,46.42,3.91,71.6,56,58,9.17,broken clouds,FR,2020-08-02 20:19:59
577,Moron,-34.65,-58.62,69.01,82,75,9.17,broken clouds,AR,2020-08-02 20:19:59
578,Guiratinga,-16.35,-53.76,87.67,23,0,6.64,clear sky,BR,2020-08-02 20:19:59
579,Bermeo,43.42,-2.72,68.0,82,75,3.36,broken clouds,ES,2020-08-02 20:19:59
580,Robertsport,6.75,-11.37,76.33,85,100,13.04,light rain,LR,2020-08-02 20:19:59
581,Kysyl-Syr,63.9,122.76,53.91,67,0,3.36,clear sky,RU,2020-08-02 20:19:59
582,Ziro,27.63,93.83,60.17,100,29,0.72,light rain,IN,2020-08-02 20:19:59
583,Eyl,7.98,49.82,79.57,67,0,23.44,clear sky,SO,2020-08-02 20:19:59
584,Agadez,19.75,10.25,93.31,22,39,4.81,scattered clouds,NE,2020-08-02 20:19:59
585,Yelahanka,13.11,77.6,69.8,100,75,13.87,broken clouds,IN,2020-08-02 20:20:00
586,Marystown,47.17,-55.15,66.9,78,28,11.27,scattered clouds,CA,2020-08-02 20:20:00
587,Shimanovsk,52.0,127.7,54.77,96,90,9.06,light rain,RU,2020-08-02 20:20:00
588,Banda Aceh,5.56,95.32,80.73,74,100,13.62,overcast clouds,ID,2020-08-02 20:20:00
589,Canavieiras,-15.68,-38.95,72.16,78,2,9.15,light rain,BR,2020-08-02 20:20:00
590,Iquitos,-3.75,-73.25,87.8,55,40,4.7,scattered clouds,PE,2020-08-02 20:20:00
591,Tessalit,20.2,1.01,101.89,19,55,8.03,broken clouds,ML,2020-08-02 20:20:00
592,Banjar,-8.19,114.97,75.2,100,20,1.12,few clouds,ID,2020-08-02 20:20:00
593,Puerto Del Rosario,28.5,-13.86,80.6,65,0,13.87,clear sky,ES,2020-08-02 20:20:00
594,Almaznyy,48.04,40.05,66.2,68,20,6.71,few clouds,RU,2020-08-02 20:20:00
595,Biaora,23.87,76.92,81.5,80,96,6.02,light rain,IN,2020-08-02 20:20:01
596,Gayny,60.31,54.32,55.42,92,100,11.39,overcast clouds,RU,2020-08-02 20:20:01
597,Zhezkazgan,47.8,67.71,78.01,36,0,14.63,clear sky,KZ,2020-08-02 20:20:01
598,Catuday,16.29,119.81,78.87,86,100,10.29,overcast clouds,PH,2020-08-02 20:20:01
599,Chitral,35.85,71.79,77.25,38,0,1.86,clear sky,PK,2020-08-02 20:20:01
600,Stettler,52.32,-112.72,82.0,52,0,11.01,clear sky,CA,2020-08-02 20:20:01
601,Adamas,36.73,24.43,78.8,57,0,14.99,clear sky,GR,2020-08-02 20:20:01
602,Kemin,42.78,75.69,62.65,64,100,3.51,overcast clouds,KG,2020-08-02 20:17:53
603,Souillac,-20.52,57.52,69.8,73,75,13.87,broken clouds,MU,2020-08-02 20:20:02
604,Poum,-20.23,164.02,68.81,62,7,6.38,clear sky,NC,2020-08-02 20:20:02
605,Hasaki,35.73,140.83,69.8,94,20,2.24,mist,JP,2020-08-02 20:19:40
606,Bonthe,7.53,-12.51,73.81,84,100,8.52,overcast clouds,SL,2020-08-02 20:20:02
607,Lubao,14.92,120.55,80.01,94,75,4.7,broken clouds,PH,2020-08-02 20:20:02
608,Xining,36.62,101.77,56.52,57,29,3.78,scattered clouds,CN,2020-08-02 20:20:02
609,Camocim,-2.9,-40.84,83.14,66,46,14.12,scattered clouds,BR,2020-08-02 20:20:02
610,Belmonte,-15.86,-38.88,73.4,64,40,8.05,scattered clouds,BR,2020-08-02 20:20:02
611,Karachi,24.91,67.08,87.8,70,40,11.41,scattered clouds,PK,2020-08-02 20:16:49
612,Kloulklubed,7.04,134.26,78.8,94,90,10.29,light intensity shower rain,PW,2020-08-02 20:20:03
613,Lasa,46.62,10.7,60.8,93,75,4.7,thunderstorm with light rain,IT,2020-08-02 20:20:03
614,Axim,4.87,-2.24,73.96,81,0,7.85,clear sky,GH,2020-08-02 20:20:03
615,Ongandjera,-17.88,15.07,65.66,26,0,7.49,clear sky,NA,2020-08-02 20:20:03
616,Baturinskaya,45.79,39.37,65.37,63,0,4.7,clear sky,RU,2020-08-02 20:20:03
617,Comodoro Rivadavia,-45.87,-67.5,55.4,43,73,8.05,broken clouds,AR,2020-08-02 20:17:49
618,Abu Dhabi,24.47,54.37,93.2,75,0,3.36,clear sky,AE,2020-08-02 20:18:12
619,Brandon,27.94,-82.29,89.01,94,90,5.82,overcast clouds,US,2020-08-02 20:17:52
620,Cururupu,-1.83,-44.87,82.09,75,2,4.79,light rain,BR,2020-08-02 20:20:04
621,Mandali,33.75,45.55,91.83,13,0,7.25,clear sky,IQ,2020-08-02 20:20:04
622,Shenzhen,22.55,114.07,80.01,94,40,6.71,scattered clouds,CN,2020-08-02 20:20:04
623,Morgan City,29.7,-91.21,90.0,88,40,8.05,thunderstorm,US,2020-08-02 20:15:38
624,Koslan,63.46,48.9,51.22,89,98,6.82,overcast clouds,RU,2020-08-02 20:20:04
625,Batagay-Alyta,67.8,130.41,52.05,70,95,2.62,overcast clouds,RU,2020-08-02 20:20:04
626,Nanga Eboko,4.68,12.37,68.97,96,100,5.75,light rain,CM,2020-08-02 20:20:04
627,Mayna,54.11,47.62,54.1,89,71,1.92,broken clouds,RU,2020-08-02 20:20:04
628,Fayaoue,-20.65,166.53,70.68,63,83,14.23,broken clouds,NC,2020-08-02 20:20:05
629,Naryan-Mar,67.67,53.09,54.79,92,100,4.23,light rain,RU,2020-08-02 20:20:05
630,Tallahassee,30.44,-84.28,97.0,47,40,4.7,scattered clouds,US,2020-08-02 20:18:01
631,Tsimlyansk,47.65,42.1,65.75,60,9,5.64,clear sky,RU,2020-08-02 20:20:05
632,Chiredzi,-21.05,31.67,59.13,57,0,5.01,clear sky,ZW,2020-08-02 20:20:05
633,Tigil,57.8,158.67,52.92,70,85,1.59,overcast clouds,RU,2020-08-02 20:20:05
634,Kumba,4.64,9.45,72.19,90,100,4.56,light rain,CM,2020-08-02 20:20:05
635,Le Port,-20.94,55.29,68.0,60,90,8.05,overcast clouds,RE,2020-08-02 20:20:06
636,Xique-Xique,-10.82,-42.73,84.78,36,73,9.69,broken clouds,BR,2020-08-02 20:20:06
637,Toora-Khem,52.47,96.11,51.67,90,98,1.57,light rain,RU,2020-08-02 20:20:06
638,Sola,-13.88,167.55,78.8,88,75,6.93,broken clouds,VU,2020-08-02 20:20:06
639,Buzmeyin,38.05,58.21,80.6,34,0,4.7,clear sky,TM,2020-08-02 20:20:06
640,Lucapa,-8.42,20.74,74.46,35,100,4.59,overcast clouds,AO,2020-08-02 20:20:06
641,Bamnet Narong,15.5,101.69,74.19,93,100,13.0,light rain,TH,2020-08-02 20:20:06
642,Lalibela,12.03,39.03,60.12,88,70,0.94,light rain,ET,2020-08-02 20:20:06
643,San Cristobal,7.77,-72.22,93.2,38,20,25.28,few clouds,VE,2020-08-02 20:17:47
644,Makakilo City,21.35,-158.09,84.2,54,20,9.17,few clouds,US,2020-08-02 20:20:07
645,Tynda,55.17,124.72,51.51,89,100,6.93,overcast clouds,RU,2020-08-02 20:20:07
646,Halifax,44.65,-63.57,84.0,48,47,5.01,scattered clouds,CA,2020-08-02 20:16:23
647,Quang Ngai,15.12,108.8,78.87,83,100,4.41,overcast clouds,VN,2020-08-02 20:16:03
648,Vestmannaeyjar,63.44,-20.27,52.27,85,59,20.94,broken clouds,IS,2020-08-02 20:20:07
649,Mahon,39.89,4.27,78.8,65,0,11.41,clear sky,ES,2020-08-02 20:20:07
650,Dunedin,-45.87,170.5,48.99,88,99,3.44,overcast clouds,NZ,2020-08-02 20:20:07
651,Irtyshskiy,58.33,68.13,68.94,77,0,8.39,clear sky,RU,2020-08-02 20:20:07
652,Hirara,24.8,125.28,81.9,88,100,39.64,moderate rain,JP,2020-08-02 20:20:07
653,Xichang,27.9,102.26,65.5,78,20,1.99,few clouds,CN,2020-08-02 20:19:35
654,Tual,-5.67,132.75,77.2,83,7,17.87,clear sky,ID,2020-08-02 20:20:08
655,Kabansk,52.05,106.65,59.0,100,90,6.71,overcast clouds,RU,2020-08-02 20:20:08
656,Naron,43.52,-8.15,66.0,76,100,1.01,overcast clouds,ES,2020-08-02 20:20:08
657,Wageningen,51.97,5.67,60.01,72,0,2.24,clear sky,NL,2020-08-02 20:20:08
658,Komsomolskiy,40.43,71.72,75.2,47,0,6.93,clear sky,UZ,2020-08-02 20:20:08
659,Singaraja,-8.11,115.09,75.04,73,22,3.69,few clouds,ID,2020-08-02 20:20:08
660,Binga,-17.62,27.34,58.84,52,0,1.5,clear sky,ZW,2020-08-02 20:20:08
661,Gat,31.61,34.76,81.0,59,0,3.0,clear sky,IL,2020-08-02 20:20:01
662,Natal,-5.79,-35.21,84.2,66,40,19.46,scattered clouds,BR,2020-08-02 20:16:17
663,Pushkino,56.02,37.87,57.2,76,0,6.71,clear sky,RU,2020-08-02 20:20:09
664,Petropavlovsk-Kamchatskiy,53.05,158.65,55.4,100,90,2.24,mist,RU,2020-08-02 20:17:06
665,Arroyo,41.61,-4.8,73.99,46,94,10.29,overcast clouds,ES,2020-08-02 20:20:09
666,Arrecife,28.96,-13.55,77.0,69,0,19.46,clear sky,ES,2020-08-02 20:20:09
667,Namikupa,-10.83,39.6,64.56,96,2,3.33,clear sky,TZ,2020-08-02 20:20:09
668,Vanavara,60.34,102.28,56.35,75,98,3.51,overcast clouds,RU,2020-08-02 20:20:09
669,Damghan,36.17,54.35,84.78,25,29,4.12,scattered clouds,IR,2020-08-02 20:20:09
670,Zhucheng,35.99,119.4,75.9,91,1,5.1,moderate rain,CN,2020-08-02 20:20:09
671,Belinskiy,52.96,43.42,54.57,90,13,5.35,few clouds,RU,2020-08-02 20:20:09
672,Arawa,-6.21,155.54,75.79,82,75,3.42,broken clouds,PG,2020-08-02 20:20:10
673,Siverek,37.76,39.32,84.2,18,0,8.05,clear sky,TR,2020-08-02 20:20:10
674,Tchollire,8.4,14.17,70.65,97,100,1.59,overcast clouds,CM,2020-08-02 20:20:10
675,Bushehr,28.97,50.84,91.4,66,0,5.64,clear sky,IR,2020-08-02 20:20:10
676,Neuquen,-38.95,-68.06,60.8,41,18,9.17,few clouds,AR,2020-08-02 20:20:04
677,Rumphi,-11.02,33.86,57.07,75,31,4.47,scattered clouds,MW,2020-08-02 20:20:10
678,Ndele,8.41,20.65,71.31,97,100,3.44,light rain,CF,2020-08-02 20:20:10
679,Skjervoy,70.03,20.97,57.2,71,0,8.05,clear sky,NO,2020-08-02 20:20:10
680,Urusha,54.05,122.9,56.79,84,100,7.7,overcast clouds,RU,2020-08-02 20:20:10
681,Barkhan,29.9,69.53,85.93,46,0,15.39,clear sky,PK,2020-08-02 20:20:11
682,Bubaque,11.28,-15.83,80.98,83,98,13.33,overcast clouds,GW,2020-08-02 20:20:11
683,Palana,59.12,159.97,51.04,76,2,1.21,clear sky,RU,2020-08-02 20:20:11
684,Tolaga Bay,-38.37,178.3,53.13,84,100,7.16,light rain,NZ,2020-08-02 20:20:11
685,Jepara,-5.17,105.7,73.17,87,55,3.04,broken clouds,ID,2020-08-02 20:20:11
686,Barcelona,41.39,2.16,81.0,78,40,8.05,scattered clouds,ES,2020-08-02 20:17:23
